{
  "Description": "{\"createdOn\":\"Windows\",\"createdBy\":\"Amplify\",\"createdWith\":\"12.10.1\",\"stackType\":\"auth-Cognito\",\"metadata\":{}}",
  "AWSTemplateFormatVersion": "2010-09-09",
  "Parameters": {
    "env": {
      "Type": "String"
    },
    "identityPoolName": {
      "Type": "String"
    },
    "allowUnauthenticatedIdentities": {
      "Type": "String"
    },
    "resourceNameTruncated": {
      "Type": "String"
    },
    "userPoolName": {
      "Type": "String"
    },
    "autoVerifiedAttributes": {
      "Type": "CommaDelimitedList"
    },
    "mfaConfiguration": {
      "Type": "String"
    },
    "mfaTypes": {
      "Type": "CommaDelimitedList"
    },
    "smsAuthenticationMessage": {
      "Type": "String"
    },
    "smsVerificationMessage": {
      "Type": "String"
    },
    "emailVerificationSubject": {
      "Type": "String"
    },
    "emailVerificationMessage": {
      "Type": "String"
    },
    "defaultPasswordPolicy": {
      "Type": "String"
    },
    "passwordPolicyMinLength": {
      "Type": "String"
    },
    "passwordPolicyCharacters": {
      "Type": "CommaDelimitedList"
    },
    "requiredAttributes": {
      "Type": "CommaDelimitedList"
    },
    "aliasAttributes": {
      "Type": "CommaDelimitedList"
    },
    "userpoolClientGenerateSecret": {
      "Type": "String"
    },
    "userpoolClientRefreshTokenValidity": {
      "Type": "String"
    },
    "userpoolClientWriteAttributes": {
      "Type": "CommaDelimitedList"
    },
    "userpoolClientReadAttributes": {
      "Type": "CommaDelimitedList"
    },
    "userpoolClientLambdaRole": {
      "Type": "String"
    },
    "userpoolClientSetAttributes": {
      "Type": "String"
    },
    "authSelections": {
      "Type": "String"
    },
    "resourceName": {
      "Type": "String"
    },
    "sharedId": {
      "Type": "String"
    },
    "serviceName": {
      "Type": "String"
    },
    "useDefault": {
      "Type": "String"
    },
    "authRoleArn": {
      "Type": "String"
    },
    "unauthRoleArn": {
      "Type": "String"
    },
    "breakCircularDependency": {
      "Type": "String"
    },
    "useEnabledMfas": {
      "Type": "String"
    },
    "dependsOn": {
      "Type": "CommaDelimitedList"
    }
  },
  "Conditions": {
    "ShouldNotCreateEnvResources": {
      "Fn::Equals": [
        {
          "Ref": "env"
        },
        "NONE"
      ]
    }
  },
  "Resources": {
    "UserPool": {
      "Type": "AWS::Cognito::UserPool",
      "Properties": {
        "AutoVerifiedAttributes": [
          "email"
        ],
        "EmailVerificationMessage": {
          "Ref": "emailVerificationMessage"
        },
        "EmailVerificationSubject": {
          "Ref": "emailVerificationSubject"
        },
        "MfaConfiguration": {
          "Ref": "mfaConfiguration"
        },
        "Policies": {
          "PasswordPolicy": {
            "MinimumLength": {
              "Ref": "passwordPolicyMinLength"
            },
            "RequireLowercase": false,
            "RequireNumbers": false,
            "RequireSymbols": false,
            "RequireUppercase": false
          }
        },
        "Schema": [
          {
            "Mutable": true,
            "Name": "email",
            "Required": true
          }
        ],
        "UserAttributeUpdateSettings": {
          "AttributesRequireVerificationBeforeUpdate": [
            "email"
          ]
        },
        "UserPoolName": {
          "Fn::If": [
            "ShouldNotCreateEnvResources",
            {
              "Ref": "userPoolName"
            },
            {
              "Fn::Join": [
                "",
                [
                  {
                    "Ref": "userPoolName"
                  },
                  "-",
                  {
                    "Ref": "env"
                  }
                ]
              ]
            }
          ]
        }
      }
    },
    "UserPoolClientWeb": {
      "Type": "AWS::Cognito::UserPoolClient",
      "Properties": {
        "UserPoolId": {
          "Ref": "UserPool"
        },
        "ClientName": "qampli41c21ae1_app_clientWeb",
        "RefreshTokenValidity": {
          "Ref": "userpoolClientRefreshTokenValidity"
        },
        "TokenValidityUnits": {
          "RefreshToken": "days"
        }
      },
      "DependsOn": [
        "UserPool"
      ]
    },
    "UserPoolClient": {
      "Type": "AWS::Cognito::UserPoolClient",
      "Properties": {
        "UserPoolId": {
          "Ref": "UserPool"
        },
        "ClientName": "qampli41c21ae1_app_client",
        "GenerateSecret": {
          "Ref": "userpoolClientGenerateSecret"
        },
        "RefreshTokenValidity": {
          "Ref": "userpoolClientRefreshTokenValidity"
        },
        "TokenValidityUnits": {
          "RefreshToken": "days"
        }
      },
      "DependsOn": [
        "UserPool"
      ]
    },
    "UserPoolClientRole": {
      "Type": "AWS::IAM::Role",
      "Properties": {
        "AssumeRolePolicyDocument": {
          "Version": "2012-10-17",
          "Statement": [
            {
              "Effect": "Allow",
              "Principal": {
                "Service": "lambda.amazonaws.com"
              },
              "Action": "sts:AssumeRole"
            }
          ]
        },
        "RoleName": {
          "Fn::If": [
            "ShouldNotCreateEnvResources",
            {
              "Ref": "userpoolClientLambdaRole"
            },
            {
              "Fn::Join": [
                "",
                [
                  "upClientLambdaRole41c21ae1",
                  {
                    "Fn::Select": [
                      3,
                      {
                        "Fn::Split": [
                          "-",
                          {
                            "Ref": "AWS::StackName"
                          }
                        ]
                      }
                    ]
                  },
                  "-",
                  {
                    "Ref": "env"
                  }
                ]
              ]
            }
          ]
        }
      }
    },
    "IdentityPool": {
      "Type": "AWS::Cognito::IdentityPool",
      "Properties": {
        "AllowUnauthenticatedIdentities": {
          "Ref": "allowUnauthenticatedIdentities"
        },
        "CognitoIdentityProviders": [
          {
            "ClientId": {
              "Ref": "UserPoolClient"
            },
            "ProviderName": {
              "Fn::Sub": [
                "cognito-idp.${region}.amazonaws.com/${client}",
                {
                  "region": {
                    "Ref": "AWS::Region"
                  },
                  "client": {
                    "Ref": "UserPool"
                  }
                }
              ]
            }
          },
          {
            "ClientId": {
              "Ref": "UserPoolClientWeb"
            },
            "ProviderName": {
              "Fn::Sub": [
                "cognito-idp.${region}.amazonaws.com/${client}",
                {
                  "region": {
                    "Ref": "AWS::Region"
                  },
                  "client": {
                    "Ref": "UserPool"
                  }
                }
              ]
            }
          }
        ],
        "IdentityPoolName": {
          "Fn::If": [
            "ShouldNotCreateEnvResources",
            "qamplify_identitypool_41c21ae1",
            {
              "Fn::Join": [
                "",
                [
                  "qamplify_identitypool_41c21ae1__",
                  {
                    "Ref": "env"
                  }
                ]
              ]
            }
          ]
        }
      }
    },
    "IdentityPoolRoleMap": {
      "Type": "AWS::Cognito::IdentityPoolRoleAttachment",
      "Properties": {
        "IdentityPoolId": {
          "Ref": "IdentityPool"
        },
        "Roles": {
          "unauthenticated": {
            "Ref": "unauthRoleArn"
          },
          "authenticated": {
            "Ref": "authRoleArn"
          }
        }
      },
      "DependsOn": [
        "IdentityPool"
      ]
    }
  },
  "Outputs": {
    "IdentityPoolId": {
      "Description": "Id for the identity pool",
      "Value": {
        "Ref": "IdentityPool"
      }
    },
    "IdentityPoolName": {
      "Value": {
        "Fn::GetAtt": [
          "IdentityPool",
          "Name"
        ]
      }
    },
    "UserPoolId": {
      "Description": "Id for the user pool",
      "Value": {
        "Ref": "UserPool"
      }
    },
    "UserPoolArn": {
      "Description": "Arn for the user pool",
      "Value": {
        "Fn::GetAtt": [
          "UserPool",
          "Arn"
        ]
      }
    },
    "UserPoolName": {
      "Value": {
        "Ref": "userPoolName"
      }
    },
    "AppClientIDWeb": {
      "Description": "The user pool app client id for web",
      "Value": {
        "Ref": "UserPoolClientWeb"
      }
    },
    "AppClientID": {
      "Description": "The user pool app client id",
      "Value": {
        "Ref": "UserPoolClient"
      }
    }
  }
}